COPY drug (drugid, name, pharmgkbid, rxnormid, drugbankid, atcid, version) FROM stdin;
RxNorm:190521	abacavir	PA448004	190521	DB01048	{J05AF06,J05AR02,J05AR13,J05AR04}	1
ATC:C09AA	Ace Inhibitors, Plain	PA164712308			{C09AA}	1
RxNorm:154	acenocoumarol	PA452632	154	DB01418	{B01AA07}	1
RxNorm:480	alfentanil	PA448084	480	DB00802	{N01AH02}	1
ATC:L01A	Alkylating Agents	PA164712331			{L01A}	1
RxNorm:519	allopurinol	PA448320	519	DB00437	{M04AA01,M04AA51}	1
ATC:J01G	aminoglycoside antibacterials	PA452167			{J01G}	1
RxNorm:704	amitriptyline	PA448385	704	DB00321	{N06AA09,N06CA01}	1
ATC:L01DB	anthracyclines and related substances	PA130620651			{L01DB}	1
ATC:N06A	antidepressants	PA452229			{N06A}	1
ATC:N05A	antipsychotics	PA452233			{N05A}	1
RxNorm:89013	aripiprazole	PA10026	89013	DB01238	{N05AX12}	1
RxNorm:1191	aspirin	PA448497	1191	DB00945	{A01AD05,B01AC06,N02BA01}	1
MeSH:C515878	ataluren	PA166151864			{M09AX03}	1
RxNorm:343047	atazanavir	PA10251	343047	DB01072	{J05AE08,J05AR15}	1
RxNorm:38400	atomoxetine	PA134688071	38400	DB00289	{N06BA09}	1
RxNorm:83367	atorvastatin	PA448500	83367	DB01076	{C10AA05}	1
RxNorm:1256	azathioprine	PA448515	1256	DB00993	{L04AX01}	1
RxNorm:1543543	belinostat	PA165971474	1543543		{""}	1
ATC:M05BA	Bisphosphonates	PA164712563			{M05BA}	1
RxNorm:1658314	brexpiprazole	PA166160053	1658314		{""}	1
RxNorm:1739745	brivaracetam	PA166153491	1739745		{""}	1
RxNorm:19831	budesonide	PA448681	19831	DB01222	{A07EA06,D07AC09,R01AD05,R03BA02}	1
RxNorm:42347	bupropion	PA448687	42347	DB01156	{N06AX12}	1
RxNorm:1886	caffeine	PA448710	1886	DB00201	{N06BC01}	1
RxNorm:194000	capecitabine	PA448771	194000	DB01101	{L01BC06}	1
RxNorm:1998	captopril	PA448780	1998	DB01197	{C09AA01}	1
RxNorm:2002	carbamazepine	PA448785	2002	DB00564	{N03AF01}	1
RxNorm:2020	carbimazole	PA164742970	2020	DB00389	{H03BB01}	1
RxNorm:40048	carboplatin	PA448803	40048	DB00958	{L01XA02}	1
RxNorm:401713	carglumic acid	PA165958402	401713	DB06775	{A16AA05}	1
RxNorm:2101	carisoprodol	PA448809	2101	DB00395	{M03BA02}	1
RxNorm:20352	carvedilol	PA448817	20352	DB01136	{C07AG02}	1
RxNorm:140587	celecoxib	PA448871	140587	DB00482	{L01XX33,M01AH01}	1
RxNorm:596723	cerivastatin	PA448897	596723	DB00439	{C10AA06}	1
RxNorm:318341	cetuximab	PA10040	318341	DB00002	{L01XC06}	1
RxNorm:44281	cevimeline	PA164754754	44281	DB00185	{N07AX03}	1
RxNorm:2348	chloramphenicol	PA448927	2348	DB00446	{D06AX02,D10AF03,G01AA05,J01BA01,S01AA01,S02AA01,S03AA08}	1
RxNorm:2393	chloroquine	PA448948	2393	DB00608	{P01BA01}	1
RxNorm:2404	chlorpropamide	PA448966	2404	DB00672	{A10BB02}	1
RxNorm:2551	ciprofloxacin	PA449009	2551	DB00537	{J01MA02,S01AE03,S02AA15,S03AA07}	1
RxNorm:2555	cisplatin	PA449014	2555	DB00515	{L01XA01}	1
RxNorm:2556	citalopram	PA449015	2556	DB00215	{N06AB04}	1
RxNorm:21241	clobazam	PA10888	21241	DB00349	{N05BA09}	1
RxNorm:2597	clomipramine	PA449048	2597	DB01242	{N06AA04}	1
RxNorm:32968	clopidogrel	PA449053	32968	DB00758	{B01AC04}	1
RxNorm:2626	clozapine	PA449061	2626	DB00363	{N05AH02}	1
RxNorm:2670	codeine	PA449088	2670	DB00318	{R05DA04,N02AA59,N02AA79}	1
RxNorm:3002	cyclophosphamide	PA449165	3002	DB00531	{L01AA01}	1
RxNorm:3008	cyclosporine	PA449167	3008	DB00091	{L04AD01,S01XA18}	1
RxNorm:1424911	dabrafenib	PA166114911	1424911		{L01XE}	1
RxNorm:3108	dapsone	PA449211	3108	DB00250	{D10AX05,J04BA02}	1
RxNorm:136198	darifenacin	PA164774901	136198	DB00496	{G04BD10}	1
RxNorm:27340	desflurane	PA164749136	27340	DB01189	{N01AB07}	1
RxNorm:3247	desipramine	PA449233	3247	DB01151	{N06AA01}	1
RxNorm:816346	dexlansoprazole	PA166110257	816346		{""}	1
RxNorm:3289	dextromethorphan	PA449273	3289	DB00514	{R05DA09}	1
RxNorm:3322	diazepam	PA449283	3322	DB00829	{N05BA01}	1
RxNorm:3355	diclofenac	PA449293	3355	DB00586	{D11AX18,M01AB05,M02AA15,S01BC03}	1
RxNorm:3407	digoxin	PA449319	3407	DB00390	{C01AA05}	1
RxNorm:3445	dimercaprol	PA165958406	3445	DB06782	{V03AB09}	1
RxNorm:266856	divalproex sodium	PA164783479	266856	DB00510	{""}	1
RxNorm:68091	dolasetron	PA449390	68091	DB00757	{A04AA04}	1
RxNorm:1433868	dolutegravir	PA166114961	1433868		{""}	1
RxNorm:135447	donepezil	PA449394	135447	DB00843	{N06DA02}	1
RxNorm:3638	doxepin	PA449409	3638	DB01142	{N06AA12}	1
RxNorm:72625	duloxetine	PA10066	72625	DB00476	{N06AX21}	1
RxNorm:195085	efavirenz	PA449441	195085	DB00625	{J05AG03}	1
RxNorm:1547220	eliglustat	PA166123486	1547220		{""}	1
RxNorm:711942	eltrombopag	PA165981594	711942		{B02BX}	1
RxNorm:3920	enflurane	PA449461	3920	DB00228	{N01AB04}	1
RxNorm:5095	halothane	PA449845	5095	DB01159	{N01AB01}	1
RxNorm:6857	methoxyflurane	PA450434	6857	DB01028	{N02BG09}	1
RxNorm:3995	epirubicin	PA449476	3995	DB00445	{L01DB03}	1
RxNorm:4053	erythromycin	PA449493	4053	DB00199	{D10AF02,J01FA01,S01AA17}	1
RxNorm:321988	escitalopram	PA10074	321988	DB01175	{N06AB10}	1
RxNorm:283742	esomeprazole	PA10075	283742	DB00736	{A02BC05}	1
RxNorm:448	ethanol	PA448073	448	DB00898	{D08AX08,V03AB16,V03AZ01}	1
RxNorm:4179	etoposide	PA449552	4179	DB00773	{L01CB01}	1
RxNorm:4337	fentanyl	PA449599	4337	DB00813	{N01AH01,N02AB03}	1
RxNorm:797195	fesoterodine	PA165958376	797195	DB06702	{G04BD11}	1
RxNorm:4441	flecainide	PA449646	4441	DB01195	{C01BC04}	1
RxNorm:1665509	flibanserin	PA166153431	1665509		{""}	1
RxNorm:4492	fluorouracil	PA128406956	4492	DB00544	{L01BC02,L01BC52}	1
RxNorm:4493	fluoxetine	PA449673	4493	DB00472	{N06AB03}	1
RxNorm:4502	flurbiprofen	PA449683	4502	DB00712	{M01AE09,M02AA19,R02AX01,S01BC04}	1
RxNorm:50121	fluticasone propionate	PA449686	50121	DB00588	{D07AC17,R01AD08,R03BA05}	1
RxNorm:284635	fluticasone/salmeterol	PA165290926	284635		{""}	1
RxNorm:42355	fluvoxamine	PA449690	42355	DB00176	{N06AB08}	1
RxNorm:4603	furosemide	PA449719	4603	DB00695	{C03CA01}	1
RxNorm:4637	galantamine	PA449726	4637	DB00674	{N06DA04}	1
RxNorm:12574	gemcitabine	PA449748	12574	DB00441	{L01BC05}	1
RxNorm:4815	glibenclamide	PA449782	4815	DB01016	{A10BB01}	1
RxNorm:25789	glimepiride	PA449761	25789	DB00222	{A10BB12}	1
RxNorm:4821	glipizide	PA449762	4821	DB01067	{A10BB07}	1
RxNorm:5093	haloperidol	PA449841	5093	DB00502	{N05AD01}	1
ATC:C10AA	hmg coa reductase inhibitors	PA133950441			{C10AA}	1
ATC:G03A	hormonal contraceptives for systemic use	PA452637			{G03A}	1
RxNorm:5470	hydralazine	PA449894	5470	DB01275	{C02DB02}	1
RxNorm:5487	hydrochlorothiazide	PA449899	5487	DB00999	{C03AA03,C03AB03,C09DX01,C09DX03,C09XA52,C03EA01,C03AX01,G01AE10,C09XA54}	1
RxNorm:5521	hydroxychloroquine	PA164777036	5521	DB01611	{P01BA02}	1
RxNorm:73178	iloperidone	PA161199368	73178		{""}	1
RxNorm:5691	imipramine	PA449969	5691	DB00458	{N06AA02}	1
RxNorm:5880	interferon alfa-2b, recombinant	PA164783990	5880	DB00105	{L03AB05}	1
RxNorm:51499	irinotecan	PA450085	51499	DB00762	{L01XX19}	1
RxNorm:6026	isoflurane	PA450106	6026	DB00753	{N01AB06}	1
RxNorm:6038	isoniazid	PA450112	6038	DB00951	{J04AC01}	1
RxNorm:6058	isosorbide dinitrate	PA450125	6058	DB00883	{C01DA08,C05AE02}	1
RxNorm:1243041	ivacaftor	PA165950341	1243041	DB08820	{R07AX02,R07AX30}	1
RxNorm:28439	lamotrigine	PA450164	28439	DB00555	{N03AX09}	1
RxNorm:17128	lansoprazole	PA450180	17128	DB00448	{A02BC03}	1
RxNorm:480167	lapatinib	PA152241907	480167	DB01259	{L01XE07}	1
RxNorm:43611	latanoprost	PA164774763	43611	DB00654	{S01EE01}	1
RxNorm:1731031	lesinurad	PA166160006	1731031		{""}	1
RxNorm:6313	leucovorin	PA450198	6313	DB00650	{V03AF}	1
RxNorm:82122	levofloxacin	PA450214	82122	DB01137	{J01MA12,S01AE05}	1
RxNorm:6387	lidocaine	PA450226	6387	DB00281	{C01BB01,C05AD01,D04AB01,N01BB02,R02AD02,S01HA07,S02DA01}	1
RxNorm:6572	mafenide	PA166114925	6572		{""}	1
RxNorm:6694	mefloquine	PA450348	6694	DB00358	{P01BC02}	1
RxNorm:103	mercaptopurine	PA450379	103	DB01033	{L01BB02}	1
RxNorm:52582	mesalazine	PA450384	52582	DB00244	{A07EC02}	1
RxNorm:6809	metformin	PA450395	6809	DB00331	{A10BA02}	1
RxNorm:6813	methadone	PA450401	6813	DB00333	{N07BC02}	1
RxNorm:6826	methazolamide	PA450413	6826	DB00703	{S01EC05}	1
RxNorm:6835	methimazole	PA450422	6835	DB00763	{H03BB02}	1
RxNorm:6851	methotrexate	PA450428	6851	DB00563	{L01BA01,L04AX03}	1
RxNorm:6878	methylene blue	PA450457	6878		{V03AB,V04CG}	1
RxNorm:6901	methylphenidate	PA450464	6901	DB00422	{N06BA04}	1
RxNorm:6915	metoclopramide	PA450475	6915	DB01233	{A03FA01}	1
RxNorm:6918	metoprolol	PA450480	6918	DB00264	{C07AB02}	1
RxNorm:6960	midazolam	PA450496	6960	DB00683	{N05CD08}	1
RxNorm:15996	mirtazapine	PA450522	15996	DB00370	{N06AX11}	1
RxNorm:30125	modafinil	PA450530	30125	DB00745	{N06BA07}	1
RxNorm:7052	morphine	PA450550	7052	DB00295	{N02AA01}	1
RxNorm:139462	moxifloxacin	PA450555	139462	DB00218	{J01MA14,S01AE07}	1
RxNorm:7145	mycophenolic acid	PA164748728	7145	DB01024	{L04AA06}	1
RxNorm:7240	nalidixic acid	PA164746384	7240	DB00779	{J01MB02}	1
RxNorm:7242	naloxone	PA450586	7242	DB01183	{V03AB15}	1
RxNorm:7243	naltrexone	PA450588	7243	DB00704	{N07BB04}	1
RxNorm:53654	nevirapine	PA450616	53654	DB00238	{J05AG01}	1
RxNorm:7407	nicotine	PA450626	7407	DB00184	{N07BA01}	1
RxNorm:662281	nilotinib	PA165958345	662281	DB04868	{L01XE08}	1
RxNorm:7454	nitrofurantoin	PA450640	7454	DB00698	{J01XE01}	1
RxNorm:7517	norfloxacin	PA450654	7517	DB01059	{J01MA06,S01AE02}	1
RxNorm:7531	nortriptyline	PA450657	7531	DB00540	{N06AA10}	1
RxNorm:61381	olanzapine	PA450688	61381	DB00334	{N05AH03}	1
RxNorm:7646	omeprazole	PA450704	7646	DB00338	{A02BC01}	1
RxNorm:26225	ondansetron	PA450705	26225	DB00904	{A04AA01}	1
RxNorm:32592	oxaliplatin	PA131285527	32592	DB00526	{L01XA03}	1
RxNorm:7781	oxazepam	PA450731	7781	DB00842	{N05BA04}	1
RxNorm:32624	oxcarbazepine	PA450732	32624	DB00776	{N03AF02}	1
RxNorm:7804	oxycodone	PA450741	7804	DB00497	{N02AA05}	1
RxNorm:70561	palonosetron	PA10352	70561	DB00377	{A04AA05}	1
RxNorm:40790	pantoprazole	PA450774	40790	DB00213	{A02BC02}	1
RxNorm:32937	paroxetine	PA450801	32937	DB00715	{N06AB05}	1
RxNorm:714438	pazopanib	PA165291492	714438		{L01XE}	1
RxNorm:120608	peginterferon alfa-2a	PA164749390	120608	DB00008	{L03AB11,L03AB61}	1
RxNorm:253453	peginterferon alfa-2b	PA164784024	253453	DB00022	{L03AB10,L03AB60}	1
RxNorm:1011650	pegloticase	PA165963961	1011650		{M04AX}	1
RxNorm:8076	perphenazine	PA450882	8076	DB00850	{N05AB03}	1
RxNorm:8120	phenazopyridine	PA164746899	8120	DB01438	{G04BX06}	1
RxNorm:8150	phenprocoumon	PA450921	8150	DB00946	{B01AA04}	1
RxNorm:8183	phenytoin	PA450947	8183	DB00252	{N03AB02,N03AB52}	1
RxNorm:72236	fosphenytoin	PA164746820		DB01320	{N03AB05}	1
RxNorm:8331	pimozide	PA450965	8331	DB01100	{N05AG02}	1
RxNorm:1311280	platinum	PA150595617	1311280		{""}	1
ATC:L01XA	Platinum compounds	PA164713176			{L01XA}	1
RxNorm:42463	pravastatin	PA451089	42463	DB00175	{C10AA03}	1
RxNorm:8687	primaquine	PA451103	8687	DB01087	{P01BA03}	1
RxNorm:8698	probenecid	PA451106	8698	DB01032	{M04AB01}	1
RxNorm:8754	propafenone	PA451131	8754	DB01182	{C01BC03}	1
RxNorm:8787	propranolol	PA451145	8787	DB00571	{C07AA05}	1
RxNorm:8794	propylthiouracil	PA451156	8794	DB00550	{H03BA02}	1
RxNorm:8886	protriptyline	PA451168	8886	DB00344	{N06AA11}	1
RxNorm:9068	quinidine	PA451209	9068	DB00908	{C01BA01}	1
RxNorm:9071	quinine	PA451213	9071	DB00468	{P01BC01}	1
RxNorm:114979	rabeprazole	PA451216	114979	DB01129	{A02BC04}	1
MedDRA:10037794	radiotherapy	PA166122986			{""}	1
RxNorm:283821	rasburicase	PA10176	283821	DB00049	{V03AF07,M04AX01}	1
RxNorm:9344	ribavirin	PA451241	9344	DB00811	{J05AB04}	1
RxNorm:35636	risperidone	PA451257	35636	DB00734	{N05AX08}	1
RxNorm:121191	rituximab	PA451261	121191	DB00073	{L01XC02}	1
RxNorm:84108	rosiglitazone	PA451283	84108	DB00412	{A10BG02}	1
RxNorm:301542	rosuvastatin	PA134308647	301542	DB01098	{C10AA07}	1
RxNorm:435	salbutamol	PA448068	435	DB01001	{R03AC02,R03CC02}	1
RxNorm:36117	salmeterol	PA451300	36117	DB00938	{R03AC12}	1
ATC:N06AB	Selective serotonin reuptake inhibitors	PA164713257			{N06AB}	1
RxNorm:36437	sertraline	PA451333	36437	DB01104	{N06AB06}	1
RxNorm:36453	sevoflurane	PA451341	36453	DB01236	{N01AB08}	1
RxNorm:136411	sildenafil	PA451346	136411	DB00203	{G04BE03}	1
RxNorm:36567	simvastatin	PA451363	36567	DB00641	{C10AA01,C10BA02,C10BX04,A10BH51,C10BA04,C10BX01}	1
RxNorm:35302	sirolimus	PA451365	35302	DB00877	{L04AA10}	1
RxNorm:9894	sodium nitrite	PA166115361	9894		{""}	1
RxNorm:9997	spironolactone	PA451483	9997	DB00421	{C03DA01}	1
RxNorm:10154	succinylcholine	PA451522	10154	DB00202	{M03AB01}	1
RxNorm:10169	sulfacetamide	PA451536	10169	DB00634	{D10AF06,S01AB04}	1
RxNorm:10171	sulfadiazine	PA451539	10171	DB00359	{J01EC02}	1
RxNorm:10831	sulfamethoxazole / trimethoprim	PA10715	10831		{J01EE}	1
RxNorm:9524	sulfasalazine	PA451547	9524	DB00795	{A07EC01}	1
RxNorm:10207	sulfisoxazole	PA164748964	10207	DB00263	{J01EB05,S01AB02}	1
MeSH:D013449	sulfonamides	PA10772			{A07AB,D06BA,G01AE,S01AB}	1
RxNorm:357977	sunitinib	PA162372840	357977	DB01268	{L01XE04}	1
RxNorm:42316	tacrolimus	PA451578	42316	DB00864	{D11AH01,L04AD02}	1
RxNorm:2054023	tafenoquine	PA166115580	2054023	DB06608	{""}	1
RxNorm:10324	tamoxifen	PA451581	10324	DB00675	{L02BA01}	1
RxNorm:77492	tamsulosin	PA451583	77492	DB00706	{G04CA02}	1
RxNorm:4582	tegafur	PA452620	4582	DB09256	{L01BC03,L01BC53}	1
RxNorm:117466	tenofovir	PA10204	117466	DB00300	{J05AF}	1
RxNorm:37801	terbinafine	PA451614	37801	DB00857	{D01AE15,D01BA02}	1
RxNorm:10390	tetrabenazine	PA140222719	10390	DB04844	{N07XX06}	1
RxNorm:10485	thioguanine	PA451663	10485	DB00352	{L01BB03}	1
RxNorm:10502	thioridazine	PA451666	10502	DB00679	{N05AC02}	1
RxNorm:10600	timolol	PA451690	10600	DB00373	{C07AA06,S01ED01}	1
RxNorm:69120	tiotropium	PA164769056	69120	DB01409	{R03BB}	1
RxNorm:119565	tolterodine	PA164746757	119565	DB01036	{G04BD07}	1
RxNorm:10689	tramadol	PA451735	10689	DB00193	{N02AX02}	1
RxNorm:10759	triamcinolone	PA451749	10759	DB00620	{A01AC01,C05AA12,D07AB09,D07XB02,H02AB08,R01AD11,R03BA06,S01BA05}	1
RxNorm:10834	trimipramine	PA451791	10834	DB00726	{N06AA06}	1
RxNorm:27392	tropisetron	PA161925594	27392	DB11699	{A04AA03}	1
ATC:L04AB	Tumor necrosis factor alpha (TNF-alpha) inhibitors	PA164713366			{L04AB}	1
RxNorm:11118	valproic acid	PA451846	11118	DB00313	{N03AG01}	1
RxNorm:901805	velaglucerase alfa	PA166115366	901805		{""}	1
RxNorm:39786	venlafaxine	PA451866	39786	DB00285	{N06AX16}	1
RxNorm:1151	vitamin c	PA451898	1151	DB00126	{G01AD03,S01XA15}	1
RxNorm:121243	voriconazole	PA10233	121243	DB00582	{J02AC03}	1
RxNorm:1455099	vortioxetine	PA166122595	1455099		{""}	1
RxNorm:11289	warfarin	PA451906	11289	DB00682	{B01AA03}	1
RxNorm:114176	zuclopenthixol	PA452629	114176	DB01624	{N05AF05}	1
RxNorm:2121085	siponimod	PA166182736	2121085	DB12371	{""}	1
RxNorm:2197878	pitolisant	PA166185163	2197878	DB11642	{N07XX11}	1
\.


COPY gene (symbol, chr, genesequenceid, proteinsequenceid, chromosequenceid, hgncid, ncbiid, ensemblid, pharmgkbid, version) FROM stdin;
ERCC1	chr19	NG_015839	NP_001974	\N	HGNC:3433	2067	ENSG00000012061	PA155	2
POLG	chr15	NG_008218	NP_002684	\N	HGNC:9179	5428	ENSG00000140521	PA33500	2
ASS1	chr9	NG_011542	NP_000041	\N	HGNC:758	445	ENSG00000130707	PA162376926	2
ABCB1	chr7	NG_011513	NP_000918	\N	HGNC:40	5243	ENSG00000085563	PA267	2
SEMA3C	chr7		NP_006370	\N	HGNC:10725	10512	ENSG00000075223	PA35647	2
DRD2	chr11	NG_008841	NP_000786	\N	HGNC:3023	1813	ENSG00000149295	PA27478	2
KIF6	chr6		NP_659464	\N	HGNC:21202	221458	ENSG00000164627	PA134920075	2
ATIC	chr2	NG_013002	NP_004035	\N	HGNC:794	471	ENSG00000138363	PA25094	2
CALU	chr7		NP_001210	\N	HGNC:1458	813	ENSG00000128595	PA26047	2
DPYD	chr1	NG_008807.2	NP_000101.2	NC_000001.11	HGNC:1806	282617	ENSG00000188641	PA145	1
CYP2C19	chr10	NG_008384.2	NP_000760.1	NC_000010.11	HGNC:2621	1557	ENSG00000165841	PA124	1
HLA-A	chr6	NG_002398	NP_002107	\N	HGNC:4931	3105	ENSG00000206503	PA35055	1
HLA-B	chr6	NG_002397	NP_005505	\N	HGNC:4932	3106	ENSG00000234745	PA35056	1
CFTR	chr7	NG_016465.3	NP_000483.3	NC_000007.14	HGNC:1884	1080	ENSG00000001626	PA109	1
APOE	chr19	NG_007084	NP_000032	\N	HGNC:613	348	ENSG00000130203	PA55	2
CCHCR1	chr6		NP_061925	\N	HGNC:13930	54535	ENSG00000204536	PA134942738	2
HTR2A	chr13	NG_013011	NP_000612	\N	HGNC:5293	3356	ENSG00000102468	PA193	2
HAS3	chr16		NP_005320	\N	HGNC:4820	3038	ENSG00000103044	PA29196	2
MTHFR	chr1	NG_013351	NP_005948	\N	HGNC:7436	4524	ENSG00000177000	PA245	2
GSTP1	chr11	NG_012075	NP_000843	\N	HGNC:4638	2950	ENSG00000084207	PA29028	2
GSTM1	chr1	NG_009246	NP_000552	\N	HGNC:4632	2944	ENSG00000134184	PA182	2
SLC47A2	chr17		NP_001093116	\N	HGNC:26439	146802	ENSG00000180638	PA162403847	2
SLC6A4	chr17	NG_011747	NP_001036	\N	HGNC:11050	6532	ENSG00000108576	PA312	2
F5	chr1	NG_011806	NP_000121	\N	HGNC:3542	2153	ENSG00000198734	PA159	2
CYB5R3	chr22	NG_012194	NP_000389	\N	HGNC:2873	1727	ENSG00000100243	PA27331	2
CBR3	chr21		NP_001227	\N	HGNC:1549	874	ENSG00000159231	PA26122	2
CHRNA3	chr15	NG_016143	NP_000734	\N	HGNC:1957	1136	ENSG00000080644	PA113	2
HMGCR	chr5	NG_011449	NP_000850	\N	HGNC:5006	3156	ENSG00000113161	PA189	2
NT5C2	chr10		NP_036361	\N	HGNC:8022	22978	ENSG00000076685	PA31801	2
NEDD4L	chr18		NP_056092	\N	HGNC:7728	23327	ENSG00000049759	PA31534	2
CYB5R1	chr1		NP_057327	\N	HGNC:13397	51706	ENSG00000159348	PA134979668	2
ADRB2	chr5	NG_016421	NP_000015	\N	HGNC:286	154	ENSG00000169252	PA39	2
PROC	chr2	NG_016323	NP_000303	\N	HGNC:9451	5624	ENSG00000115718	PA33799	2
CRHR1	chr17	NG_009902	NP_004373	\N	HGNC:2357	1394	ENSG00000120088	PA26874	2
ITPA	chr20	NG_012093	NP_258412	\N	HGNC:6176	3704	ENSG00000125877	PA29973	2
MC4R	chr18	NG_016441	NP_005903	\N	HGNC:6932	4160	ENSG00000166603	PA30676	2
FLOT1	chr6		NP_005794	\N	HGNC:3757	10211	ENSG00000137312	PA28175	2
SCN1A	chr2	NG_011906	NP_008851	\N	HGNC:10585	6323	ENSG00000144285	PA301	2
EPHX1	chr1	NG_009776	NP_000111	\N	HGNC:3401	2052	ENSG00000143819	PA27829	2
LTC4S	chr5		NP_665874	\N	HGNC:6719	4056	ENSG00000213316	PA235	2
SLC28A3	chr9		NP_071410	\N	HGNC:16484	64078	ENSG00000197506	PA426	2
PROS1	chr3	NG_009813	NP_000304	\N	HGNC:9456	5627	ENSG00000184500	PA33809	2
FDPS	chr1		NP_001995	\N	HGNC:3631	2224	ENSG00000160752	PA28075	2
COQ2	chr4	NG_015825	NP_056512	\N	HGNC:25223	27235	ENSG00000173085	PA142672084	2
HTR2C	chrX	NG_012082	NP_000859	\N	HGNC:5295	3358	ENSG00000147246	PA194	2
PTGFR	chr1		NP_000950	\N	HGNC:9600	5737	ENSG00000122420	PA290	2
OTC	chrX	NG_008471	NP_000522	\N	HGNC:8512	5009	ENSG00000036473	PA32840	2
CYP2B6	chr19	NG_000008	NP_000758	\N	HGNC:2615	1555	ENSG00000197408	PA123	2
MTRR	chr5	NG_008856	NP_002445	\N	HGNC:7473	4552	ENSG00000124275	PA31277	2
GP1BA	chr17	NG_008767	NP_000164	\N	HGNC:4439	2811	ENSG00000185245	PA178	2
LPA	chr6	NG_016147	NP_005568	\N	HGNC:6667	4018	ENSG00000198670	PA30432	2
CES1	chr16	NG_012057	NP_001257	\N	HGNC:1863	1066	ENSG00000198848	PA107	2
KCNIP4	chr4		NP_671711	\N	HGNC:30083	80333	ENSG00000185774	PA134893552	2
PTGS1	chr9		NP_000953	\N	HGNC:9604	5742	ENSG00000095303	PA24346	2
HLA-DQA1	chr6		NP_002113	\N	HGNC:4942	3117	ENSG00000196735	PA35066	2
NQO1	chr16	NG_011504	NP_000894	\N	HGNC:2874	1728	ENSG00000181019	PA31744	2
NAT1	chr8	NG_012245	NP_000653	\N	HGNC:7645	9	ENSG00000171428	PA17	2
HLA-DPB1	chr6		NP_002112	\N	HGNC:4940	3115	ENSG00000223865	PA35064	2
CPS1	chr2	NG_008285	NP_001866	\N	HGNC:2323	1373	ENSG00000021826	PA26840	2
CYP2A7P1	chr19	NG_000008		\N	HGNC:2612	1550	ENSG00000213908	PA27103	2
HTR1A	chr5		NP_000515	\N	HGNC:5286	3350	ENSG00000178394	PA192	2
GGCX	chr2	NG_011811	NP_000812	\N	HGNC:4247	2677	ENSG00000115486	PA28660	2
ABCC4	chr13		NP_005836	\N	HGNC:55	10257	ENSG00000125257	PA397	2
EGF	chr4	NG_011441	NP_001954	\N	HGNC:3229	1950	ENSG00000138798	PA27664	2
DYNC2H1	chr11	NG_016423	NP_001368	\N	HGNC:2962	79659	ENSG00000187240	PA27433	2
GNB3	chr12	NG_009100	NP_002066	\N	HGNC:4400	2784	ENSG00000111664	PA176	2
FCGR3A	chr1	NG_009066	NP_000560	\N	HGNC:3619	2214	ENSG00000203747	PA28065	2
MT-RNR1	chrM			\N	HGNC:7470	4549	ENSG00000211459	PA31274	2
C11orf65	chr11		NP_689800	\N	HGNC:28519	160140	ENSG00000166323	PA144596484	2
CYP4F2	chr19		NP_001073.3	NC_000019.10	HGNC:2645	8529	ENSG00000186115	PA27121	1
CYP3A5	chr7	NG_007938.1	NP_000768.1	NC_000007.14	HGNC:2638	1577	ENSG00000106258	PA131	1
NUDT15	chr13		NP_060753	\N	HGNC:23063	55270	ENSG00000136159	PA134963132	1
G6PD	chrX	NG_009015.2		NC_000023.11	HGNC:4057	2539	ENSG00000160211	PA28469	1
IFNL3	chr19	NG_042193.1		NC_000019.10	HGNC:18365	282617	ENSG00000197110	PA134952671	1
VKORC1	chr16			NC_000016.10	HGNC:23663	79001	ENSG00000167397	PA133787052	1
SLCO1B1	chr12	NG_011745.1	NP_006437.3	NC_000012.12	HGNC:10959	10599	ENSG00000134538	PA134865839	1
UGT1A1	chr2	NG_002601.2	NP_000454.1	NC_000002.12	HGNC:12530	54658	ENSG00000241635	PA420	1
RYR1	chr19	NG_008866.1	NP_000531.2	NC_000019.10	HGNC:10483	6261	ENSG00000196218	PA34896	1
CYP2D6	chr22	NG_008376.3	NP_000097.3	NC_000022.11	HGNC:2625	1565	ENSG00000100197	PA128	1
TPMT	chr6	NG_012137.2	NP_000358.1	NC_000006.12	HGNC:12014	7172	ENSG00000137364	PA356	1
CYP2C9	chr10	NG_008385.1	NP_000762.2	NC_000010.11	HGNC:2623	1559	ENSG00000138109	PA126	1
CACNA1S	chr1	NG_009816.1	NP_000060.2	NC_000001.11	HGNC:1397	779	ENSG00000081248	PA85	1
ABL2	chr1		NP_005149	\N	HGNC:77	27	ENSG00000143322	PA24414	2
NAGS	chr17	NG_008106	NP_694551	\N	HGNC:17996	162417	ENSG00000161653	PA134968729	2
OPRM1	chr6	NG_021208	NP_000905	\N	HGNC:8156	4988	ENSG00000112038	PA31945	2
UGT2B15	chr4		NP_001067	\N	HGNC:12546	7366	ENSG00000196620	PA37188	2
YEATS4	chr12		NP_006521	\N	HGNC:24859	8089	ENSG00000127337	PA134992686	2
LDLR	chr19	NG_009060	NP_000518	\N	HGNC:6547	3949	ENSG00000130164	PA227	2
ASL	chr7	NG_009288	NP_000039	\N	HGNC:746	435	ENSG00000126522	PA25046	2
VDR	chr12	NG_008731	NP_000367	\N	HGNC:12679	7421	ENSG00000111424	PA37301	2
HPRT1	chrX	NG_012329	NP_000185	\N	HGNC:5157	3251	ENSG00000165704	PA29427	2
ANKK1	chr11	NG_012976	NP_848605	\N	HGNC:21027	255239	ENSG00000170209	PA134872551	2
XPC	chr3	NG_011763	NP_004619	\N	HGNC:12816	7508	ENSG00000154767	PA37413	2
TANC1	chr2		NP_203752	\N	HGNC:29364	85461	ENSG00000115183	PA142670838	2
CYP3A4	chr7	NG_000004	NP_059488	\N	HGNC:2637	1576	ENSG00000160868	PA130	2
FKBP5	chr6	NG_012645	NP_004108	\N	HGNC:3721	2289	ENSG00000096060	PA28162	2
ACE	chr17	NG_011648	NP_000780	\N	HGNC:2707	1636	ENSG00000159640	PA139	2
COMT	chr22	NG_011526	NP_000745	\N	HGNC:2228	1312	ENSG00000093010	PA117	2
TXNRD2	chr22	NG_011835	NP_006431	\N	HGNC:18155	10587	ENSG00000184470	PA38302	2
ABCG2	chr4		NP_004818	\N	HGNC:74	9429	ENSG00000118777	PA390	2
CRHR2	chr7		NP_001874	\N	HGNC:2358	1395	ENSG00000106113	PA26875	2
GBA	chr1	NG_009783	NP_000148	\N	HGNC:4177	2629	ENSG00000177628	PA28591	2
CYB5R2	chr11		NP_057313	\N	HGNC:24376	51700	ENSG00000166394	PA142672060	2
HLA-DRB1	chr6	NG_002392	NP_002115	\N	HGNC:4948	3123	ENSG00000196126	PA35072	2
XRCC1	chr19		NP_006288	\N	HGNC:12828	7515	ENSG00000073050	PA369	2
COL22A1	chr8		NP_690848	\N	HGNC:22989	169044	ENSG00000169436	PA134914705	2
CYB5R4	chr6		NP_057314	\N	HGNC:20147	51167	ENSG00000065615	PA134904907	2
C8orf34	chr8		NP_443190	\N	HGNC:30905	116328	ENSG00000165084	PA142672353	2
NAT2	chr8	NG_012246	NP_000006	\N	HGNC:7646	10	ENSG00000156006	PA18	2
CYP2C8	chr10	NG_007972	NP_000761	\N	HGNC:2622	1558	ENSG00000138115	PA125	2
CETP	chr16	NG_008952	NP_000069	\N	HGNC:1869	1071	ENSG00000087237	PA108	2
UGT1A4	chr2	NG_002601	NP_009051	\N	HGNC:12536	54657	ENSG00000244474	PA37179	2
TP53	chr17	NG_017013	NP_000537	\N	HGNC:11998	7157	ENSG00000141510	PA36679	2
PRKCA	chr17	NG_012206	NP_002728	\N	HGNC:9393	5578	ENSG00000154229	PA33759	2
TYMS	chr18		NP_001062	\N	HGNC:12441	7298	ENSG00000176890	PA359	2
HLA-C	chr6	NG_002397	NP_002108	\N	HGNC:4933	3107	ENSG00000204525	PA35057	2
GRIK4	chr11		NP_055434	\N	HGNC:4582	2900	ENSG00000149403	PA28976	2
TCF7L2	chr10	NG_012631	NP_110383	\N	HGNC:11641	6934	ENSG00000148737	PA36394	2
ADD1	chr4	NG_012037	NP_001110	\N	HGNC:243	118	ENSG00000087274	PA31	2
IFNL4	chr19			\N	HGNC:44480	101180976	ENSG00000272395	PA166049147	2
ADORA2A	chr22		NP_000666	\N	HGNC:263	135	ENSG00000128271	PA24584	2
TMEM43	chr3	NG_008975	NP_077310	\N	HGNC:28472	79188	ENSG00000170876	PA134871907	2
UMPS	chr3	NG_017037	NP_000364	\N	HGNC:12563	7372	ENSG00000114491	PA363	2
SOD2	chr6	NG_008729	NP_000627	\N	HGNC:11180	6648	ENSG00000112096	PA36017	2
SERPINC1	chr1	NG_012462	NP_000479	\N	HGNC:775	462	ENSG00000117601	PA35026	2
BCHE	chr3	NG_009031	NP_000046	\N	HGNC:983	590	ENSG00000114200	PA25294	2
TNF	chr6	NG_007462	NP_000585	\N	HGNC:11892	7124	ENSG00000232810	PA435	2\.
\.


COPY guideline (id, version, name, url, pharmgkbid) FROM stdin;
100428	3	TPMT, NUDT15 and Thiopurines	https://cpicpgx.org/guidelines/guideline-for-thiopurines-and-tpmt/	{PA166104933,PA166104945,PA166104965}
100411	3	CYP2C19 and Clopidogrel	https://cpicpgx.org/guidelines/guideline-for-clopidogrel-and-cyp2c19/	{PA166104948}
100416	3	CYP2D6 and Codeine	https://cpicpgx.org/guidelines/guideline-for-codeine-and-cyp2d6/	{PA166104996}
100421	3	HLA-B and Abacavir	https://cpicpgx.org/guidelines/guideline-for-abacavir-and-hla-b/	{PA166104997}
100414	3	CYP2D6, CYP2C19 and Tricyclic Antidepressants	https://cpicpgx.org/guidelines/guideline-for-tricyclic-antidepressants-and-cyp2d6-and-cyp2c19/	{PA166104998,PA166104999,PA166105000,PA166105001,PA166105002,PA166105006,PA166105007}
100422	3	HLA-B and Allopurinol	https://cpicpgx.org/guidelines/guideline-for-allopurinol-and-hla-b/	{PA166105003}
100426	3	SLCO1B1 and Simvastatin	https://cpicpgx.org/guidelines/guideline-for-simvastatin-and-slco1b1/	{PA166105005}
100423	3	HLA-A, HLA-B and Carbamazepine and Oxcarbazepine	https://cpicpgx.org/guidelines/guideline-for-carbamazepine-and-hla-b/	{PA166105008,PA166176623}
100424	3	IFNL3 and Peginterferon-alpha-based Regimens	https://cpicpgx.org/guidelines/guideline-for-peg-interferon-alpha-based-regimens-and-ifnl3/	{PA166110235}
100409	3	CFTR and Ivacaftor	https://cpicpgx.org/guidelines/guideline-for-ivacaftor-and-cftr/	{PA166114461}
100420	3	G6PD and Rasburicase	https://cpicpgx.org/guidelines/guideline-for-rasburicase-and-g6pd/	{PA166119846}
100418	3	CYP3A5 and Tacrolimus	https://cpicpgx.org/guidelines/guideline-for-tacrolimus-and-cyp3a5/	{PA166124619}
100413	3	CYP2D6, CYP2C19 and Selective Serotonin Reuptake Inhibitors	https://cpicpgx.org/guidelines/guideline-for-selective-serotonin-reuptake-inhibitors-and-cyp2d6-and-cyp2c19/	{PA166127636,PA166127637,PA166127638,PA166127639}
100429	3	UGT1A1 and Atazanavir	https://cpicpgx.org/guidelines/guideline-for-atazanavir-and-ugt1a1/	{PA166128738}
100410	3	CYP2C19 and Voriconazole	https://cpicpgx.org/guidelines/guideline-for-voriconazole-and-cyp2c19/	{PA166161537}
100417	3	CYP2D6 and Ondansetron and Tropisetron	https://cpicpgx.org/guidelines/guideline-for-ondansetron-and-tropisetron-and-cyp2d6-genotype/	{PA166161954,PA166161955}
100415	3	CYP2D6 and Tamoxifen	https://cpicpgx.org/guidelines/cpic-guideline-for-tamoxifen-based-on-cyp2d6-genotype/	{PA166176068}
104243	3	CYP2D6 and Atomoxetine	https://cpicpgx.org/guidelines/cpic-guideline-for-atomoxetine-based-on-cyp2d6-genotype/	{PA166181885}
100427	3	RYR1, CACNA1S and Volatile anesthetic agents and Succinylcholine	https://cpicpgx.org/guidelines/cpic-guideline-for-ryr1-and-cacna1s/	{PA166180457}
100425	3	CYP2C9, VKORC1, CYP4F2 and Warfarin	https://cpicpgx.org/guidelines/guideline-for-warfarin-and-cyp2c9-and-vkorc1/	{PA166104949}
100412	3	CYP2C9, HLA-B and Phenytoin	https://cpicpgx.org/guidelines/guideline-for-phenytoin-and-cyp2c9-and-hla-b/	{PA166122806}
100419	4	DPYD and Fluoropyrimidines	https://cpicpgx.org/guidelines/guideline-for-fluoropyrimidines-and-dpyd/	{PA166109594,PA166122686,PA166122687}
104245	1	CYP2B6 and efavirenz	https://cpicpgx.org/guidelines/cpic-guideline-for-efavirenz-based-on-cyp2b6-genotype/	{PA166182603}
\.


COPY publication (guidelineid, title, authors, journal, month, page, volume, year, pmid, pmcid, doi, version) FROM stdin;
100420	Clinical Pharmacogenetics Implementation Consortium (CPIC) Guidelines for Rasburicase Therapy in the context of G6PD Deficiency Genotype	{"Relling Mary V","McDonagh Ellen M","Chang Tamara","Caudle Kelly E","McLeod Howard L","Haidar Cyrine E","Klein Teri","Luzzatto Lucio"}	Clinical pharmacology and therapeutics	5			2014	24787449	PMC4111801	10.1038/clpt.2014.97	2
100410	Clinical Pharmacogenetics Implementation Consortium (CPIC®) Guideline for CYP2C19 and Voriconazole Therapy	{"Moriyama Brad","Obeng Aniwaa Owusu","Barbarino Julia","Penzak Scott R","Henning Stacey A","Scott Stuart A","Agúndez José A G","Wingard John R","McLeod Howard L","Klein Teri E","Cross Shane","Caudle Kelly E","Walsh Thomas J"}	Clinical pharmacology and therapeutics	12			2016	27981572	PMC5474211	10.1002/cpt.583	2
100418	Clinical pharmacogenetics implementation consortium (CPIC) guidelines for CYP3A5 genotype and tacrolimus dosing	{"Birdwell Kelly A","Decker Brian","Barbarino Julia M","Peterson Josh F","Stein C Michael","Sadee Wolfgang","Wang Danxin","Vinks Alexander A","He Yijing","Swen Jesse J","Leeder J Steven","van Schaik R H N","Thummel Kenneth E","Klein Teri E","Caudle Kelly E","MacPhee Iain A M"}	Clinical pharmacology and therapeutics	3			2015	25801146	PMC4481158	10.1002/cpt.113	2
100412	Clinical Pharmacogenetics Implementation Consortium (CPIC) Guidelines for CYP2C9 and HLA-B Genotype and Phenytoin Dosing	{"Caudle Kelly E","Rettie Allan E","Whirl-Carrillo Michelle","Smith Lisa H","Mintzer Scott E","Lee Ming Ta Michael","Klein Teri E","Callaghan J Thomas"}	Clinical pharmacology and therapeutics	8			2014	25099164	PMC4206662	10.1038/clpt.2014.159	2
100414	Clinical Pharmacogenetics Implementation Consortium Guideline (CPIC®) for CYP2D6 and CYP2C19 Genotypes and Dosing of Tricyclic Antidepressants: 2016 Update	{"Kevin Hicks J","Sangkuhl Katrin","Swen Jesse J","Ellingrod Vicki L","Müller Daniel J","Shimoda Kazutaka","Bishop Jeffrey R","Kharasch Evan D","Skaar Todd C","Gaedigk Andrea","Dunnenberger Henry M","Klein Teri E","Caudle Kelly E","Stingl Julia C"}	Clinical pharmacology and therapeutics	12			2016	27997040	PMC5478479	10.1002/cpt.597	2
100411	Clinical Pharmacogenetics Implementation Consortium Guidelines for Cytochrome P450-2C19 (CYP2C19) Genotype and Clopidogrel Therapy	{"Scott S A","Sangkuhl K","Gardner E E","Stein C M","Hulot J-S","Johnson J A","Roden D M","Klein T E","Shuldiner A R"}	Clinical pharmacology and therapeutics	6			2011	21716271	PMC3234301	10.1038/clpt.2011.132	2
100413	Clinical Pharmacogenetics Implementation Consortium (CPIC) Guideline for CYP2D6 and CYP2C19 Genotypes and Dosing of Selective Serotonin Reuptake Inhibitors	{"Hicks J Kevin","Bishop Jeffrey R","Sangkuhl Katrin","Müller Daniel J","Ji Yuan","Leckband Susan G","Leeder J Steven","Graham Rebecca L","Chiulli Dana L","LLerena Adrián","Skaar Todd C","Scott Stuart A","Stingl Julia C","Klein Teri E","Caudle Kelly E","Gaedigk Andrea"}	Clinical pharmacology and therapeutics	5			2015	25974703	PMC4512908	10.1002/cpt.147	2
100424	Clinical Pharmacogenetics Implementation Consortium (CPIC) guidelines for IFNL3 (IL28B) genotype and peginterferon alpha based regimens	{"Muir Andrew J","Gong Li","Johnson Samuel G","Michael Lee Ming Ta","Williams Marc S","Klein Teri E","Caudle Kelly E","Nelson David R"}	Clinical pharmacology and therapeutics	10			2013	24096968	PMC3904555	10.1038/clpt.2013.203	2
100429	Clinical Pharmacogenetics Implementation Consortium (CPIC) Guideline for UGT1A1 and Atazanavir Prescribing	{"Gammal Roseann S","Court Michael H","Haidar Cyrine E","Iwuchukwu Otito Frances","Gaur Aditya H","Alvarellos Maria","Guillemette Chantal","Lennox Jeffrey L","Whirl-Carrillo Michelle","Brummel Sean","Ratain Mark J","Klein Teri E","Schackman Bruce R","Caudle Kelly E","Haas David W"}	Clinical pharmacology and therapeutics	9			2015	26417955	PMC4785051	10.1002/cpt.269	2
100423	Clinical Pharmacogenetics Implementation Consortium (CPIC) Guidelines for HLA-B Genotype and Carbamazepine Dosing	{"Leckband Susan G","Kelsoe John R","Dunnenberger H Mark","George Alfred L","Tran Eric","Berger Reisel","Müller Daniel J","Whirl-Carrillo Michelle","Caudle Kelly E","Pirmohamed Munir"}	Clinical pharmacology and therapeutics	5			2013	23695185	PMC3748365	10.1038/clpt.2013.103	2
100415	Clinical Pharmacogenetics Implementation Consortium (CPIC) Guideline for CYP2D6 and Tamoxifen Therapy.	{"Goetz Matthew P","Sangkuhl Katrin","Guchelaar Henk-Jan","Schwab Matthias","Province Michael","Whirl-Carrillo Michelle","Symmans W Fraser","McLeod Howard L","Ratain Mark J","Zembutsu Hitoshi","Gaedigk Andrea","van Schaik Ron H","Ingle James N","Caudle Kelly E","Klein Teri E"}	Clinical pharmacology and therapeutics	5			2018	29385237	PMC5931215	10.1002/cpt.1007	2
100414	Clinical Pharmacogenetics Implementation Consortium Guideline for CYP2D6 and CYP2C19 Genotypes and Dosing of Tricyclic Antidepressants	{"Hicks J K","Swen J J","Thorn C F","Sangkuhl K","Kharasch E D","Ellingrod V L","Skaar T C","Müller D J","Gaedigk A","Stingl J C"}	Clinical pharmacology and therapeutics	1			2013	23486447	PMC3689226	10.1038/clpt.2013.2	2
\N	CPIC: Clinical Pharmacogenetics Implementation Consortium of the Pharmacogenomics Research Network	{"Relling M V","Klein T E"}	Clinical pharmacology and therapeutics	3	464-7	89	2011	21270786	PMC3098762	10.1038/clpt.2010.279	2
100417	Clinical Pharmacogenetics Implementation Consortium (CPIC) Guideline for CYP2D6 Genotype and Use of Ondansetron and Tropisetron	{"Bell Gillian C","Caudle Kelly E","Whirl-Carrillo Michelle","Gordon Ronald J","Hikino Keiko","Prows Cynthia A","Gaedigk Andrea","Agundez Jose A G","Sadhasivam Senthilkumar","Klein Teri E","Schwab Matthias"}	Clinical pharmacology and therapeutics	12			2016	28002639	PMC5479760	10.1002/cpt.598	2
100421	Clinical Pharmacogenetics Implementation Consortium Guidelines for HLA-B Genotype and Abacavir Dosing	{"Martin M A","Klein T E","Dong B J","Pirmohamed M","Haas D W","Kroetz D L"}	Clinical pharmacology and therapeutics	2			2012	22378157	PMC3374459	10.1038/clpt.2011.355	2
100421	Clinical Pharmacogenetics Implementation Consortium (CPIC) Guidelines for HLA-B Genotype and Abacavir Dosing: 2014 update	{"Martin Michael A","Hoffman James M","Freimuth Robert R","Klein Teri E","Dong Betty J","Pirmohamed Munir","Hicks J Kevin","Wilkinson Mark R","Haas David W","Kroetz Deanna L"}	Clinical pharmacology and therapeutics	2			2014	24561393	PMC3994233	10.1038/clpt.2014.38	2
100425	Clinical Pharmacogenetics Implementation Consortium Guidelines for CYP2C9 and VKORC1 Genotypes and Warfarin Dosing	{"Johnson J A","Gong L","Whirl-Carrillo M","Gage B F","Scott S A","Stein C M","Anderson J L","Kimmel S E","Lee M T M","Pirmohamed M","Wadelius M","Klein T E","Altman R B"}	Clinical pharmacology and therapeutics	9			2011	21900891	PMC3187550	10.1038/clpt.2011.185	2
100428	Clinical pharmacogenetics implementation consortium guidelines for thiopurine methyltransferase genotype and thiopurine dosing	{"Relling M V","Gardner E E","Sandborn W J","Schmiegelow K","Pui C-H","Yee S W","Stein C M","Carrillo M","Evans W E","Klein T E"}	Clinical pharmacology and therapeutics	3	387-91	89	2011	21270794	PMC3098761	10.1038/clpt.2010.320	2
100422	Clinical Pharmacogenetics Implementation Consortium (CPIC) guidelines for human leukocyte antigen B (HLA-B) genotype and allopurinol dosing: 2015 update	{"Saito Y","Stamp L K","Caudle K E","Hershfield M S","McDonagh E M","Callaghan J T","Tassaneeyakul W","Mushiroda T","Kamatani N","Goldspiel B R","Phillips E J","Klein T E","Lee Mtm"}	Clinical pharmacology and therapeutics	6			2015	26094938	PMC4675696	10.1002/cpt.161	2
100419	Clinical Pharmacogenetics Implementation Consortium Guidelines for Dihydropyrimidine Dehydrogenase Genotype and Fluoropyrimidine Dosing	{"Caudle Kelly E","Thorn Caroline F","Klein Teri E","Swen Jesse J","McLeod Howard L","Diasio Robert B","Schwab Matthias"}	Clinical pharmacology and therapeutics	8			2013	23988873	PMC3831181	10.1038/clpt.2013.172	2
\N	Incorporation of Pharmacogenomics into Routine Clinical Practice: the Clinical Pharmacogenetics Implementation Consortium (CPIC) Guideline Development Process	{"Caudle Kelly E","Klein Teri E","Hoffman James M","Müller Daniel J","Whirl-Carrillo Michelle","Gong Li","McDonagh Ellen M","Sangkuhl Katrin","Thorn Caroline F","Schwab Matthias","Agunder Jose A G","Freimuth Robert R","Huser Vojtech","Lee Ming Ta Michael","Iwuchukwu Otito F","Crews Kristine R","Scott Stuart A","Wadelius Mia","Swen Jesse J","Tyndale Rachel F","Stein C Michael","Roden Dan","Relling Mary V","Williams Marc S","Johnson Samuel G"}	Current drug metabolism	1			2014	24479687	PMC3977533	10.2174/1389200215666140130124910	2
100426	The Clinical Pharmacogenomics Implementation Consortium: Guideline for SLCO1B1 and Simvastatin-Induced Myopathy	{"Wilke R A","Ramsey L B","Johnson S G","Maxwell W D","McLeod H L","Voora D","Krauss R M","Roden D M","Feng Q","Cooper-Dehoff R M","Gong L","Klein T E","Wadelius M","Niemi M"}	Clinical pharmacology and therapeutics	5			2012	22617227	PMC3384438	10.1038/clpt.2012.57	2
100426	The Clinical Pharmacogenetics Implementation Consortium (CPIC) guideline for SLCO1B1 and simvastatin-induced myopathy: 2014 update	{"Ramsey Laura B","Johnson Samuel G","Caudle Kelly E","Haidar Cyrine E","Voora Deepak","Wilke Russell A","Maxwell Whitney D","McLeod Howard L","Krauss Ronald M","Roden Dan M","Feng Qiping","Cooper-DeHoff Rhonda M","Gong Li","Klein Teri E","Wadelius Mia","Niemi Mikko"}	Clinical pharmacology and therapeutics	6			2014	24918167	PMC4169720	10.1038/clpt.2014.125	2
100409	Clinical Pharmacogenetics Implementation Consortium (CPIC) Guidelines for Ivacaftor Therapy in the Context of CFTR Genotype	{"Clancy John P","Johnson Samuel G","Yee Sook Wah","McDonagh Ellen M","Caudle Kelly E","Klein Teri E","Cannavo Matthew","Giacomini Kathleen M"}	Clinical pharmacology and therapeutics	3			2014	24598717	PMC4026598	10.1038/clpt.2014.54	2
100428	Clinical Pharmacogenetics Implementation Consortium Guidelines for Thiopurine Methyltransferase Genotype and Thiopurine Dosing: 2013 Update	{"Relling M V","Gardner E E","Sandborn W J","Schmiegelow K","Pui C-H","Yee S W","Stein C M","Carrillo M","Evans W E","Hicks J K","Schwab M","Klein T E"}	Clinical pharmacology and therapeutics	1			2013	23422873	PMC3604643	10.1038/clpt.2013.4	2
\N	Standardizing terms for clinical pharmacogenetic test results: consensus terms from the Clinical Pharmacogenetics Implementation Consortium (CPIC)	{"Caudle Kelly E","Dunnenberger Henry M","Freimuth Robert R","Peterson Josh F","Burlison Jonathan D","Whirl-Carrillo Michelle","Scott Stuart A","Rehm Heidi L","Williams Marc S","Klein Teri E","Relling Mary V","Hoffman James M"}	Genetics in medicine : official journal of the American College of Medical Genetics	7			2016	27441996	PMC5253119	10.1038/gim.2016.87	2
100428	Clinical Pharmacogenetics Implementation Consortium (CPIC) guideline for thiopurine dosing based on TPMT and NUDT15 genotypes: 2018 update.	{"Relling Mary V","Schwab Matthias","Whirl-Carrillo Michelle","Suarez-Kurtz Guilherme","Pui Ching-Hon","Stein Charles M","Moyer Ann M","Evans William E","Klein Teri E","Antillon-Klussmann Federico Guillermo","Caudle Kelly E","Kato Motohiro","Yeoh Allen E J","Schmiegelow Kjeld","Yang Jun J"}	Clinical pharmacology and therapeutics	11			2018	30447069	\N	\N	4
100422	Clinical Pharmacogenetics Implementation Consortium Guidelines for Human Leukocyte Antigen-B Genotype and Allopurinol Dosing	{"Hershfield M S","Callaghan J T","Tassaneeyakul W","Mushiroda T","Thorn C F","Klein T E","Lee M T M"}	Clinical pharmacology and therapeutics	10			2012	23232549	PMC3564416	10.1038/clpt.2012.209	2
100411	Clinical Pharmacogenetics Implementation Consortium (CPIC) guidelines for cytochrome P450-2C19 (CYP2C19) genotype and clopidogrel therapy: 2013 Update	{"Scott Stuart A","Sangkuhl Katrin","Stein C Michael","Hulot Jean-Sébastien","Mega Jessica L","Roden Dan M","Klein Teri E","Sabatine Marc S","Johnson Julie A","Shuldiner Alan R"}	Clinical pharmacology and therapeutics	5			2013	23698643	PMC3748366	10.1038/clpt.2013.105	2
100419	Clinical Pharmacogenetics Implementation Consortium (CPIC) Guideline for Dihydropyrimidine Dehydrogenase Genotype and Fluoropyrimidine Dosing: 2017 Update	{"Amstutz Ursula","Henricks Linda M","Offer Steven M","Barbarino Julia","Schellens Jan H M","Swen Jesse J","Klein Teri E","McLeod Howard L","Caudle Kelly E","Diasio Robert B","Schwab Matthias"}	Clinical pharmacology and therapeutics	11			2017	29152729	PMC5760397	10.1002/cpt.911	2
100425	Clinical pharmacogenetics implementation consortium (cpic) guideline for pharmacogenetics-guided warfarin dosing: 2017 update	{"Johnson Julie A","Caudle Kelly E","Gong Li","Whirl-Carrillo Michelle","Stein C Michael","Scott Stuart A","Lee Ming Ta Michael","Gage Brian F","Kimmel Stephen E","Perera Minoli A","Anderson Jeffrey L","Pirmohamed Munir","Klein Teri E","Limdi Nita A","Cavallari Larisa H","Wadelius Mia"}	Clinical pharmacology and therapeutics	2			2017	28198005	PMC5546947	10.1002/cpt.668	2
100416	Clinical Pharmacogenetics Implementation Consortium (CPIC) Guidelines for Codeine Therapy in the Context of Cytochrome P450 2D6 (CYP2D6) Genotype	{"Crews K R","Gaedigk A","Dunnenberger H M","Klein T E","Shen D D","Callaghan J T","Kharasch E D","Skaar T C"}	Clinical pharmacology and therapeutics	12			2011	22205192	PMC3289963	10.1038/clpt.2011.287	2
100427	Clinical Pharmacogenetics Implementation Consortium (CPIC) Guideline for the use of potent volatile anesthetic agents and succinylcholine in the context of RYR1 or CACNA1S genotypes	{"Gonsalves Stephen G","Dirksen Robert T","Sangkuhl Katrin","Pulk Rebecca","Alvarellos Maria","Vo Teresa","Hikino Keiko","Roden Dan","Klein Teri","Mark Poler S","Patel Sephalie","Caudle Kelly E","Gordon Ronald","Brandom Barbara","Biesecker Leslie G"}	Clinical pharmacology and therapeutics	11			2018	30499100	\N	\N	4
100416	Clinical Pharmacogenetics Implementation Consortium (CPIC) guidelines for cytochrome P450 2D6 (CYP2D6) genotype and codeine therapy: 2014 Update	{"Crews Kristine R","Gaedigk Andrea","Dunnenberger Henry M","Leeder J Steve","Klein Teri E","Caudle Kelly E","Haidar Cyrine E","Shen Danny D","Callaghan John T","Sadhasivam Senthilkumar","Prows Cynthia A","Kharasch Evan D","Skaar Todd C"}	Clinical pharmacology and therapeutics	1			2014	24458010	PMC3975212	10.1038/clpt.2013.254	2
100423	Clinical Pharmacogenetics Implementation Consortium Guideline for HLA Genotype and Use of Carbamazepine and Oxcarbazepine: 2017 Update.	{"Phillips Elizabeth J","Sukasem Chonlaphat","Whirl-Carrillo Michelle","Müller Daniel J","Dunnenberger Henry M","Chantratita Wasun","Goldspiel Barry","Chen Yuan-Tsong","Carleton Bruce C","George Alfred L","Mushiroda Taisei","Klein Teri","Gammal Roseann S","Pirmohamed Munir"}	Clinical pharmacology and therapeutics	4	574-581	103	2018	29392710	PMC5847474	10.1002/cpt.1004	2
104243	Clinical Pharmacogenetics Implementation Consortium (CPIC) Guideline for CYP2D6 Genotype and Atomoxetine Therapy.	{"Brown Jacob T","Bishop Jeffrey R","Sangkuhl Katrin","Nurmi Erika L","Mueller Daniel J","Dinh Jean C","Gaedigk Andrea","Klein Teri E","Caudle Kelly E","McCracken James T","de Leon Jose","Steven Leeder J"}	Clinical pharmacology and therapeutics	2			2019	30801677	\N	\N	4
104245	Clinical Pharmacogenetics Implementation Consortium (CPIC) Guideline for CYP2B6 and Efavirenz-containing Antiretroviral Therapy.	{"Desta Zeruesenay","Gammal Roseann S","Gong Li","Whirl-Carrillo Michelle","Gaur Aditya H","Sukasem Chonlaphat","Hockings Jennifer","Myers Alan","Swart Marelize","Tyndale Rachel","Masimirembwa Collen","Iwuchukwu Otito F","Chirwa Sanika","Lennox Jeffrey","Gaedigk Andrea","Klein Teri","Haas David W"}	Clinical pharmacology and therapeutics	4			2019	31006110	\N	\N	1
\.


COPY term (category, term, functionaldef, geneticdef, version) FROM stdin;
Allele functional status: all genes	Increased function	Function greater than normal function	N/A	1
Allele functional status: all genes	Normal function	Fully functional/wild-type	N/A	1
Allele functional status: all genes	Decreased function	Function less than normal function	N/A	1
Allele functional status: all genes	No function	Nonfunctional	N/A	1
Allele functional status: all genes	Unknown function	No literature describing function or the allele is novel	N/A	1
Allele functional status: all genes	Uncertain function	Literature supporting function is conflicting or weak	N/A	1
Phenotype: drug-metabolizing enzymes	Ultrarapid metabolizer	Increased enzyme activity compared to rapid metabolizers	Two increased function alleles, or more than 2 normal function alleles	1
Phenotype: drug-metabolizing enzymes	Rapid metabolizer	Increased enzyme activity compared to normal metabolizers but less than ultrarapid metabolizers	Combinations of normal function and increased function alleles	1
Phenotype: drug-metabolizing enzymes	Normal metabolizer	Fully functional enzyme activity	Combinations of normal function and decreased function alleles	1
Phenotype: drug-metabolizing enzymes	Intermediate metabolizer	Decreased enzyme activity (activity between normal and poor metabolizer)	Combinations of normal function, decreased function, and/or no function alleles	1
Phenotype: drug-metabolizing enzymes	Poor metabolizer	Little to no enzyme activity	Combination of no function alleles and/ or decreased function alleles	1
Phenotype: transporters	Increased function	Increased transporter function compared to normal function. 	One or more increased function alleles	1
Phenotype: transporters	Normal function	Fully functional transporter function 	Combinations of normal function and/ or decreased function alleles	1
Phenotype: transporters	Decreased function	Decreased transporter function (function between normal and poor function) 	Combinations of normal function, decreased function, and/or no function alleles	1
Phenotype: transporters	Poor function	Little to no transporter function	Combination of no function alleles and/ or decreased function alleles	1
Phenotype: high-risk genotype status	Positive	Detection of high-risk allele	Homozygous or heterozygous for high-risk allele	1
Phenotype: high-risk genotype status	Negative	High-risk allele not detected	No copies of high-risk allele	1
\.

-- these alleles don't have an allele definition file so manually import them
COPY allele_definition (id, geneSymbol, name) FROM stdin;
9000	HLA-A	*31:01
9001	HLA-B	*15:02
9002	HLA-B	*57:01
9003	HLA-B	*58:01
\.
COPY allele (geneSymbol, name, definitionId) FROM stdin;
HLA-A	*31:01	9000
HLA-B	*15:02	9001
HLA-B	*57:01	9002
HLA-B	*58:01	9003
\.

-- these genes need to use activity score for lookup
update gene set lookupMethod='ACTIVITY_SCORE' where symbol in ('CYP2C9', 'CYP2D6', 'DPYD');
update gene set lookupMethod='ALLELE_STATUS' where symbol in ('HLA-A', 'HLA-B');
